Title,Link,Id

Vk,https://lzt.market/https://lzt.market/95395320/,95395320

V,k
h,t,t,p,s,:,/,/,l,z,t,.,m,a,r,k,e,t,/,h,t,t,p,s,:,/,/,l,z,t,.,m,a,r,k,e,t,/,9,6,0,5,2,3,2,2,/
9,6,0,5,0,1,4,4
М,н,о,г,о, ,х,о,р,о,ш,и,х, ,и,г,р
h,t,t,p,s,:,/,/,l,z,t,.,m,a,r,k,e,t,/,h,t,t,p,s,:,/,/,l,z,t,.,m,a,r,k,e,t,/,9,6,0,5,3,6,1,1,/
9,6,0,5,3,0,5,3
A,c,c,o,u,n,t, ,L,e,a,g,u,e, ,o,f, ,L,e,g,e,n,d,s
h,t,t,p,s,:,/,/,l,z,t,.,m,a,r,k,e,t,/,h,t,t,p,s,:,/,/,l,z,t,.,m,a,r,k,e,t,/,9,6,0,8,7,6,8,7,/
9,6,0,8,7,6,8,7
7,9, ,ж,и,в,ы,х, ,s,u,b
h,t,t,p,s,:,/,/,l,z,t,.,m,a,r,k,e,t,/,h,t,t,p,s,:,/,/,l,z,t,.,m,a,r,k,e,t,/,9,6,3,3,1,0,5,5,/
9,6,3,3,1,0,5,5
М,н,о,г,о, ,х,о,р,о,ш,и,х, ,и,г,р
h,t,t,p,s,:,/,/,l,z,t,.,m,a,r,k,e,t,/,h,t,t,p,s,:,/,/,l,z,t,.,m,a,r,k,e,t,/,9,6,3,3,1,3,9,3,/
9,6,3,3,1,3,9,3
I,n,s,t,a,g,r,a,m, ,а,в,т,о,р,е,г, ,W,e,b, ,р,е,г,и,с,т,р,а,ц,и,я
h,t,t,p,s,:,/,/,l,z,t,.,m,a,r,k,e,t,/,h,t,t,p,s,:,/,/,l,z,t,.,m,a,r,k,e,t,/,9,6,2,4,8,9,5,0,/
9,6,2,4,8,9,5,0
Т,г
h,t,t,p,s,:,/,/,l,z,t,.,m,a,r,k,e,t,/,h,t,t,p,s,:,/,/,l,z,t,.,m,a,r,k,e,t,/,9,6,3,3,8,1,0,9,/
9,6,3,3,8,1,0,9
С,о,ч,н,ы,й, ,т,г
h,t,t,p,s,:,/,/,l,z,t,.,m,a,r,k,e,t,/,h,t,t,p,s,:,/,/,l,z,t,.,m,a,r,k,e,t,/,9,6,3,4,3,5,9,1,/
9,6,3,4,3,5,9,1
С,о,ч,н,ы,й, ,т,г
h,t,t,p,s,:,/,/,l,z,t,.,m,a,r,k,e,t,/,h,t,t,p,s,:,/,/,l,z,t,.,m,a,r,k,e,t,/,9,6,3,4,3,5,9,1,/
9,6,3,4,3,5,9,1
С,о,ч,н,ы,й, ,т,г
h,t,t,p,s,:,/,/,l,z,t,.,m,a,r,k,e,t,/,h,t,t,p,s,:,/,/,l,z,t,.,m,a,r,k,e,t,/,9,6,3,4,3,5,9,1,/
9,6,3,4,3,5,9,1
С,о,ч,н,ы,й, ,т,г
h,t,t,p,s,:,/,/,l,z,t,.,m,a,r,k,e,t,/,h,t,t,p,s,:,/,/,l,z,t,.,m,a,r,k,e,t,/,9,6,3,4,3,5,9,1,/
9,6,3,4,3,5,6,9
С,о,ч,н,ы,й, ,т,г
h,t,t,p,s,:,/,/,l,z,t,.,m,a,r,k,e,t,/,h,t,t,p,s,:,/,/,l,z,t,.,m,a,r,k,e,t,/,9,6,3,4,7,0,2,3,/
9,6,3,4,7,0,2,3
С,о,ч,н,ы,й, ,т,г
h,t,t,p,s,:,/,/,l,z,t,.,m,a,r,k,e,t,/,h,t,t,p,s,:,/,/,l,z,t,.,m,a,r,k,e,t,/,9,6,3,4,7,0,2,3,/
9,6,3,4,6,9,9,0
Т,г, ,а,к,к,а,у,н,т
h,t,t,p,s,:,/,/,l,z,t,.,m,a,r,k,e,t,/,h,t,t,p,s,:,/,/,l,z,t,.,m,a,r,k,e,t,/,9,6,4,2,4,9,5,1,/
9,6,4,2,4,9,5,1
Т,г, ,а,к,к,а,у,н,т
h,t,t,p,s,:,/,/,l,z,t,.,m,a,r,k,e,t,/,h,t,t,p,s,:,/,/,l,z,t,.,m,a,r,k,e,t,/,9,6,4,2,4,9,5,1,/
9,6,4,2,4,9,5,2
Т,г, ,а,к,к,а,у,н,т
h,t,t,p,s,:,/,/,l,z,t,.,m,a,r,k,e,t,/,h,t,t,p,s,:,/,/,l,z,t,.,m,a,r,k,e,t,/,9,6,4,2,4,9,5,1,/
9,6,4,2,4,9,5,4
Т,г, ,а,к,к,а,у,н,т
h,t,t,p,s,:,/,/,l,z,t,.,m,a,r,k,e,t,/,h,t,t,p,s,:,/,/,l,z,t,.,m,a,r,k,e,t,/,9,6,4,2,4,9,5,1,/
9,6,4,2,4,9,4,2
1
h,t,t,p,s,:,/,/,l,z,t,.,m,a,r,k,e,t,/,h,t,t,p,s,:,/,/,l,z,t,.,m,a,r,k,e,t,/,9,6,5,6,2,8,6,2,/
9,6,5,6,2,0,4,4
1
h,t,t,p,s,:,/,/,l,z,t,.,m,a,r,k,e,t,/,h,t,t,p,s,:,/,/,l,z,t,.,m,a,r,k,e,t,/,9,6,5,6,2,8,6,2,/
9,6,5,6,2,0,5,4
1
h,t,t,p,s,:,/,/,l,z,t,.,m,a,r,k,e,t,/,h,t,t,p,s,:,/,/,l,z,t,.,m,a,r,k,e,t,/,9,6,5,6,2,8,6,2,/
9,6,5,6,2,0,5,3
1
h,t,t,p,s,:,/,/,l,z,t,.,m,a,r,k,e,t,/,h,t,t,p,s,:,/,/,l,z,t,.,m,a,r,k,e,t,/,9,6,5,6,2,8,6,2,/
9,6,5,6,2,0,5,2
П,у,с,т,о,й, ,а,к,к,а,у,н,т, ,d,i,s,c,o,r,d
h,t,t,p,s,:,/,/,l,z,t,.,m,a,r,k,e,t,/,h,t,t,p,s,:,/,/,l,z,t,.,m,a,r,k,e,t,/,9,5,9,2,4,2,3,6,/
9,5,9,2,4,2,3,6
1
h,t,t,p,s,:,/,/,l,z,t,.,m,a,r,k,e,t,/,h,t,t,p,s,:,/,/,l,z,t,.,m,a,r,k,e,t,/,9,5,9,2,4,2,3,6,/
9,6,5,6,2,0,4,0
T,i,k,T,o,k, ,|, ,А,в,т,о,р,е,г, ,|, ,Б,е,з, ,а,в,а,т,а,р,к,и, ,|, ,Р,о,д,н,а,я, ,п,о,ч,т,а, ,+, ,C,o,o,k,i,e
h,t,t,p,s,:,/,/,l,z,t,.,m,a,r,k,e,t,/,h,t,t,p,s,:,/,/,l,z,t,.,m,a,r,k,e,t,/,9,6,5,6,5,9,6,3,/
9,6,5,6,5,9,6,3
Т,г, ,а,к,к,а,у,н,т,|, ,с,в,е,ж,и,й
h,t,t,p,s,:,/,/,l,z,t,.,m,a,r,k,e,t,/,h,t,t,p,s,:,/,/,l,z,t,.,m,a,r,k,e,t,/,9,6,5,6,6,2,4,4,/
9,6,5,6,6,2,4,4
Т,г, ,а,к,к,а,у,н,т,|, ,с,в,е,ж,и,й
h,t,t,p,s,:,/,/,l,z,t,.,m,a,r,k,e,t,/,h,t,t,p,s,:,/,/,l,z,t,.,m,a,r,k,e,t,/,9,6,5,6,6,2,4,4,/
9,6,5,6,6,2,4,0
1, ,S,k,i,n, ,|, ,E,x,p,l,o,r,e,r, ,E,m,i,l,i,e, ,|, ,L,e,g,o, ,|, ,А,в,т,о,р,е,г
h,t,t,p,s,:,/,/,l,z,t,.,m,a,r,k,e,t,/,h,t,t,p,s,:,/,/,l,z,t,.,m,a,r,k,e,t,/,9,6,6,2,4,7,1,3,/
9,6,6,2,4,7,1,3
1, ,S,k,i,n, ,|, ,E,x,p,l,o,r,e,r, ,E,m,i,l,i,e, ,|, ,L,e,g,o, ,|, ,А,в,т,о,р,е,г
h,t,t,p,s,:,/,/,l,z,t,.,m,a,r,k,e,t,/,h,t,t,p,s,:,/,/,l,z,t,.,m,a,r,k,e,t,/,9,6,6,2,4,7,1,3,/
9,6,6,2,3,7,4,3
1, ,S,k,i,n, ,|, ,E,x,p,l,o,r,e,r, ,E,m,i,l,i,e, ,|, ,L,e,g,o, ,|, ,А,в,т,о,р,е,г
h,t,t,p,s,:,/,/,l,z,t,.,m,a,r,k,e,t,/,h,t,t,p,s,:,/,/,l,z,t,.,m,a,r,k,e,t,/,9,6,6,2,5,5,6,2,/
9,6,6,2,5,5,6,2
I,n,s,t,a
h,t,t,p,s,:,/,/,l,z,t,.,m,a,r,k,e,t,/,h,t,t,p,s,:,/,/,l,z,t,.,m,a,r,k,e,t,/,9,6,6,2,5,5,6,2,/
9,6,6,2,5,4,4,0
